id	file	lines	excerpt
FM-P001	main.tex	1-18	\documentclass[UKenglish, thumbmarks]{uiophdthesis} \usepackage[utf8]{inputenc} \usepackage[T1]{fontenc} \usepackage{babel} \usepackage{amsmath} \usepackage{amssymb} \usepackage{ar...
FM-P002	main.tex	20-22	\title{Long-Range Dependency Learning in Graph Neural Networks} \subtitle{Benchmarks, Explanations, and Limits} \author{Dongzhuoran Zhou\\ \url{dongzhuz@student.matnat.uio.no}}
FM-P003	main.tex	24-24	\begin{document}
FM-P004	main.tex	26-31	\maketitle[ dept={Department of Informatics}, fac={Faculty of Mathematics and Natural Sciences}, supervisors={Egor V. Kostylev and Evgeny Kharlamov}, year={2026} ]
FM-P005	main.tex	33-33	\frontmatter
FM-P006	main.tex	35-39	\begin{abstract} Graph neural networks usually compute node representations by passing messages between neighbouring nodes. This local mechanism follows the graph structure, but it...
FM-P007	main.tex	41-44	This thesis studies long-range dependency learning in graph neural networks as both an architectural and an evaluation problem. The included paper introduces GLoRa, a synthetic ben...
FM-P008	main.tex	46-47	Experiments with GLoRa show that many evaluated graph learning systems fail as dependency length grows. In the tested setting, diagnostics for over-smoothing, over-squashing, and v...
FM-P009	main.tex	49-50	Together, these findings and the surrounding literature show why benchmark performance can be misleading when a task rewards shortcut functions that bypass the dependency it is mea...
FM-P010	main.tex	52-56	\begin{xabstract}[Sammendrag] Grafnevrale nettverk beregner vanligvis noderepresentasjoner gjennom lokal naboskapsaggregering. Denne lokale mekanismen utnytter grafstrukturen, men ...
FM-P011	main.tex	58-62	Avhandlingen undersøker hvordan grafnevrale nettverk lærer langtrekkende avhengigheter. Hovedspørsmålet er hvordan man kan teste om et grafbasert læringssystem faktisk har læ...
FM-P012	main.tex	64-67	Den utvidede innledningen plasserer GLoRa i litteraturen om grafnevrale nettverk, langtrekkende avhengigheter, over-smoothing, over-squashing, grafomkobling, graftransformere og be...
FM-P013	main.tex	69-72	\begin{preface} This thesis was written at the Department of Informatics, University of Oslo, under the supervision of Egor V. Kostylev and Evgeny Kharlamov. I am grateful to my su...
FM-P014	main.tex	74-77	The thesis follows the article-based format. The extended introduction gives the background, state of the art, and thesis-level discussion. The included paper is reproduced after t...
FM-P015	main.tex	79-79	\tableofcontents
FM-P016	main.tex	81-82	\chapter*{List of Papers} \addcontentsline{toc}{chapter}{List of Papers}
FM-P017	main.tex	84-89	\begin{description} \item[Paper I] Dongzhuoran Zhou, Evgeny Kharlamov, and Egor V. Kostylev. \emph{GLoRa: A Benchmark to Evaluate the Ability to Learn Long-Range Dependencies in Gr...
FM-P018	main.tex	91-91	\mainmatter
FM-P019	main.tex	93-99	\input{chapters/chapter01-introduction} \input{chapters/chapter02-graph-learning-message-passing} \input{chapters/chapter03-long-range-dependencies} \input{chapters/chapter04-failu...
FM-P020	main.tex	101-101	\backmatter
FM-P021	main.tex	103-103	\input{references}
FM-P022	main.tex	105-110	\uiopaper[ author={Dongzhuoran Zhou \and Evgeny Kharlamov \and Egor V. Kostylev}, published={Published as a conference paper at ICLR 2025}, info={The paper is included as published...
FM-P023	main.tex	112-112	\uioincludepdf{papers/glora-iclr-2025.pdf}
FM-P024	main.tex	114-114	\end{document}
C1-P001	chapters/chapter01-introduction.tex	1-1	\chapter{Introduction}
C1-P002	chapters/chapter01-introduction.tex	3-4	Graph learning systems are often expected to predict a target node from information that lies elsewhere in the graph. When that information is many hops away, the model must carry ...
C1-P003	chapters/chapter01-introduction.tex	6-8	Graphs represent entities together with the relations that connect them. They appear in molecular structures, web links, recommendation systems, road networks, financial transactio...
C1-P004	chapters/chapter01-introduction.tex	10-14	Graph neural networks (GNNs) are a central family of models for learning from this kind of data \cite{scarselli2008graph}. Most GNNs use message passing. At each layer, a node aggr...
C1-P005	chapters/chapter01-introduction.tex	16-19	Repeated one-hop neighbourhood aggregation is one of the main strengths of GNNs. It lets a model process graphs of different sizes, reuse parameters across the graph, and keep pred...
C1-P006	chapters/chapter01-introduction.tex	21-23	Benchmark design makes this difficulty measurable. A high score on a graph dataset is useful only after the benchmark makes clear what the score certifies. For a long-range claim, ...
C1-P007	chapters/chapter01-introduction.tex	25-29	This thesis studies long-range graph learning as both a modelling problem and an evaluation problem. The included paper, GLoRa, addresses the evaluation problem through a synthetic...
C1-P008	chapters/chapter01-introduction.tex	31-32	The rest of the introduction connects GLoRa to the broader thesis argument: long-range dependencies matter, message-passing systems make dependency length technically difficult, an...
C1-P009	chapters/chapter01-introduction.tex	34-34	\section{Why Graph Learning Matters}
C1-P010	chapters/chapter01-introduction.tex	36-39	Many prediction problems depend on relations between objects rather than isolated features. In graph learning, those relations are part of the input rather than background context....
C1-P011	chapters/chapter01-introduction.tex	41-44	In a molecule, the behaviour of one atom depends on the structure in which it is embedded. In a social network, a user's behaviour may depend on nearby users, on communities at lar...
C1-P012	chapters/chapter01-introduction.tex	46-47	In all four cases, the input cannot be reduced to a fixed independent vector for each object without losing part of the problem. The relations between objects carry information, an...
C1-P013	chapters/chapter01-introduction.tex	49-53	GNNs became influential because they provide a flexible way to learn over such relational data \cite{scarselli2008graph}. Early and widely used architectures include graph convolut...
C1-P014	chapters/chapter01-introduction.tex	55-59	These applications also show why the thesis treats long-range graph learning as general rather than benchmark-specific. Work on social influence and recommendation uses graph struc...
C1-P015	chapters/chapter01-introduction.tex	61-64	These domains do not all require the same model or the same definition of graph distance. They do show that learning from graphs often means learning from relations that extend bey...
C1-P016	chapters/chapter01-introduction.tex	66-66	\section{Long-Range Dependencies in Graphs}
C1-P017	chapters/chapter01-introduction.tex	68-70	A target prediction has a long-range dependency when its correct label depends on information at large graph distance. In node classification, the target is a node, and the relevan...
C1-P018	chapters/chapter01-introduction.tex	72-75	Graph distance is the basic way to speak about range in this thesis. If the source information is at graph distance $d$ from the target node, a local message-passing GNN needs at l...
C1-P019	chapters/chapter01-introduction.tex	77-79	Long-range dependency learning is not the same as learning on a large graph. A large graph may have a local target function, while a smaller graph may contain a prediction that dep...
C1-P020	chapters/chapter01-introduction.tex	81-85	The GLoRa paper formalizes one version of this idea through path-aware dependencies \cite{zhou2025glora}. Chapter 3 gives the formal definition. The point needed here is that a lon...
C1-P021	chapters/chapter01-introduction.tex	87-90	Many graph tasks contain correlations that are easier than the dependency they are meant to test. The label might correlate with node degree, graph size, local feature counts, or a...
C1-P022	chapters/chapter01-introduction.tex	92-92	\section{Why Long-Range Dependencies Are Difficult}
C1-P023	chapters/chapter01-introduction.tex	94-97	Message passing makes dependency length an architectural issue. A natural response is to add message-passing layers, because each layer expands the target node's receptive field by...
C1-P024	chapters/chapter01-introduction.tex	99-102	One common explanation is over-smoothing. Over-smoothing describes the tendency of node representations to become too similar as message passing is repeated many times \cite{li2018...
C1-P025	chapters/chapter01-introduction.tex	104-107	Another common explanation is over-squashing. Over-squashing describes a bottleneck in which information from many nodes must be compressed into fixed-size representations as it mo...
C1-P026	chapters/chapter01-introduction.tex	109-112	A third explanation comes from optimization. Deep neural networks can suffer from vanishing gradients, where the training signal becomes weak as it is propagated backward through m...
C1-P027	chapters/chapter01-introduction.tex	114-117	These explanations have motivated many architectural changes. Some methods add residual or dense connections, normalization, dropout on edges, or propagation schemes designed to ma...
C1-P028	chapters/chapter01-introduction.tex	119-122	These architectural directions target different possible causes, so a change in accuracy does not by itself identify which cause is active. An intervention designed to reduce over-...
C1-P029	chapters/chapter01-introduction.tex	124-124	\section{Evaluation as a Central Problem}
C1-P030	chapters/chapter01-introduction.tex	126-128	Evaluation is central because benchmark accuracy and evidence of dependency length are different claims. For many purposes, benchmark accuracy is still a reasonable comparison: if ...
C1-P031	chapters/chapter01-introduction.tex	130-133	Real-world graph benchmarks are valuable because they connect research to practical tasks. Their limitation is that the data-generating process is not controlled. When a system per...
C1-P032	chapters/chapter01-introduction.tex	135-138	This limitation has been noted in the long-range graph benchmark literature. Benchmarks such as OGB, TUDataset, and LRGB support useful comparisons, but their dependency structure ...
C1-P033	chapters/chapter01-introduction.tex	140-142	Synthetic benchmarks can address this gap because the designer controls the graph structure and the label rule. They can specify the intended dependency length, generate many examp...
C1-P034	chapters/chapter01-introduction.tex	144-148	A synthetic benchmark can fail in two opposite ways. First, it can allow shortcut functions. In that case, a system can fit the examples without learning the intended long-range de...
C1-P035	chapters/chapter01-introduction.tex	150-153	The GLoRa paper argues that several earlier synthetic benchmarks fall into one of these two problems \cite{zhou2025glora}. Examples such as Synthetic Chains, Graph Transfer, Ring T...
C1-P036	chapters/chapter01-introduction.tex	155-155	\section{The Role of GLoRa}
C1-P037	chapters/chapter01-introduction.tex	157-160	By treating dependency length as a controlled input to a node-classification benchmark, GLoRa tests whether graph learning systems can learn dependencies of a specified length \cit...
C1-P038	chapters/chapter01-introduction.tex	162-165	The construction is designed to block simple shortcut solutions. Negative examples contain a hole on the relevant path. Additional paths and additional holes are added so that simp...
C1-P039	chapters/chapter01-introduction.tex	167-169	Expressibility is the second requirement. A benchmark for learning should not ask a model to learn something outside the model class and then interpret failure as a long-range lear...
C1-P040	chapters/chapter01-introduction.tex	171-173	The empirical part of GLoRa evaluates several families of systems: standard GNNs, systems designed to mitigate over-smoothing, systems designed to mitigate over-squashing, and grap...
C1-P041	chapters/chapter01-introduction.tex	175-178	The paper then tests three common explanations for the performance drop. The inspected cases do not show the representation collapse expected from over-smoothing. The directed cons...
C1-P042	chapters/chapter01-introduction.tex	180-182	The interpretation is deliberately narrow. Over-smoothing, over-squashing, and vanishing gradients remain relevant to graph learning in general. The GLoRa experiments show that the...
C1-P043	chapters/chapter01-introduction.tex	184-186	At thesis level, GLoRa turns a broad concern into a controlled evaluation question. Instead of asking only whether long-range graph learning is hard, it asks which dependency lengt...
C1-P044	chapters/chapter01-introduction.tex	188-188	\section{Research Questions}
C1-P045	chapters/chapter01-introduction.tex	190-194	The preceding discussion leaves three unresolved problems. The first is what makes long-range dependency learning difficult for graph learning systems. The second is how a benchmar...
C1-P046	chapters/chapter01-introduction.tex	196-200	\begin{description} \item[RQ 1:] What makes long-range dependency learning difficult for graph neural networks? This question connects message passing and graph distance to archite...
C1-P047	chapters/chapter01-introduction.tex	202-205	\item[RQ 2:] How can a benchmark test whether a graph learning system has learned a dependency of a specified length? This question asks how benchmark design can rule out shortcut ...
C1-P048	chapters/chapter01-introduction.tex	207-210	\item[RQ 3:] What does GLoRa show about current graph learning systems and about the limits of existing explanations? This question asks how far the evaluated systems can learn und...
C1-P049	chapters/chapter01-introduction.tex	212-212	Together, the questions connect the modelling problem, the requirements for valid evaluation, and the diagnosis of empirical failure.
C1-P050	chapters/chapter01-introduction.tex	214-214	\section{Contributions}
C1-P051	chapters/chapter01-introduction.tex	216-218	The thesis contribution is anchored in Paper I. The paper uses controlled node-classification benchmarks to study whether graph learning systems learn long-range dependencies of sp...
C1-P052	chapters/chapter01-introduction.tex	220-225	\begin{description} \item[Paper I] Dongzhuoran Zhou, Evgeny Kharlamov, and Egor V. Kostylev. \emph{GLoRa: A Benchmark to Evaluate the Ability to Learn Long-Range Dependencies in Gr...
C1-P053	chapters/chapter01-introduction.tex	227-227	Through this paper and the surrounding thesis discussion, the thesis makes four contributions.
C1-P054	chapters/chapter01-introduction.tex	229-231	\begin{enumerate} \item It frames long-range dependency learning in graph neural networks as an evaluation problem as well as a modelling problem. The thesis argues that high bench...
C1-P055	chapters/chapter01-introduction.tex	233-234	\item It presents GLoRa, a synthetic benchmark generator for controlled long-range dependency evaluation in graphs \cite{zhou2025glora}. For a chosen length, GLoRa generates node-c...
C1-P056	chapters/chapter01-introduction.tex	236-237	\item It connects benchmark design to expressivity. GLoRa is designed to avoid shortcut functions while keeping the intended function expressible by standard GNN-based systems, whi...
C1-P057	chapters/chapter01-introduction.tex	239-242	\item It provides an empirical study of current graph learning systems under the GLoRa benchmark. The study evaluates standard GNNs, systems aimed at over-smoothing, systems aimed ...
C1-P058	chapters/chapter01-introduction.tex	244-246	Taken together, these contributions are mainly methodological. GLoRa does not claim to represent every long-range phenomenon in real graphs. It makes one important question testabl...
C1-P059	chapters/chapter01-introduction.tex	248-248	\section{Outline}
C1-P060	chapters/chapter01-introduction.tex	250-251	The remaining chapters move from graph learning foundations to the GLoRa benchmark and its interpretation. They first define message passing and long-range dependencies, then revie...
C1-P061	chapters/chapter01-introduction.tex	253-255	Chapter 2 introduces graph learning and message-passing graph neural networks. It defines the basic graph learning tasks used in the thesis and explains how local message passing b...
C1-P062	chapters/chapter01-introduction.tex	257-259	Chapter 3 focuses on long-range dependencies in graphs. It explains dependency length, relates it to paths and graph distance, and gives examples from application areas where infor...
C1-P063	chapters/chapter01-introduction.tex	261-263	Chapter 4 reviews common explanations of long-range failure. It discusses over-smoothing, over-squashing, and vanishing gradients as separate but interacting explanations. It also ...
C1-P064	chapters/chapter01-introduction.tex	265-267	Chapter 5 surveys the state of the art in architectures and benchmarks for long-range graph learning. It covers standard GNNs, deeper GNN variants, graph rewiring methods, graph tr...
C1-P065	chapters/chapter01-introduction.tex	269-271	Chapter 6 presents the GLoRa contribution at thesis level. It explains the design goals of the generator, the role of positive and negative examples, the reason for adding alternat...
C1-P066	chapters/chapter01-introduction.tex	273-274	Chapter 7 concludes the kappa. It summarizes the thesis, discusses limitations of synthetic benchmark design, and outlines future directions for connecting controlled long-range be...
C2-P001	chapters/chapter02-graph-learning-message-passing.tex	1-1	\chapter[Graph Learning and Message Passing]{Graph Learning and Message\\Passing}
C2-P002	chapters/chapter02-graph-learning-message-passing.tex	3-6	The graph-learning arguments in this thesis use a fixed set of graph objects and message-passing operations. GLoRa asks whether a target-node prediction uses information from a sou...
C2-P003	chapters/chapter02-graph-learning-message-passing.tex	8-10	Graph inputs are structured objects with nodes, edges, and features rather than fixed-length vectors. The order in which nodes are stored in memory should not affect the answer. Th...
C2-P004	chapters/chapter02-graph-learning-message-passing.tex	12-16	Message-passing graph neural networks are the standard reference point for long-range graph learning \cite{scarselli2008graph}. Their local bias comes from applying the same one-ho...
C2-P005	chapters/chapter02-graph-learning-message-passing.tex	18-27	The notation follows the GLoRa paper closely. A graph is written as $G=(V,E,\lambda)$. Here $V$ is a finite set of nodes, $E\subseteq V\times V$ is a set of directed edges, and $\l...
C2-P006	chapters/chapter02-graph-learning-message-passing.tex	29-29	\section{Graphs and Features}
C2-P007	chapters/chapter02-graph-learning-message-passing.tex	31-33	The graph $G=(V,E,\lambda)$ records nodes, directed edges, and node features. Optional edge features are supplied separately, while directed paths provide the basis for source-to-t...
C2-P008	chapters/chapter02-graph-learning-message-passing.tex	35-39	A graph represents objects and relations between objects. In a social network, nodes may represent users and edges may represent follows, friendships, or interactions. In a molecul...
C2-P009	chapters/chapter02-graph-learning-message-passing.tex	41-45	The thesis uses directed edges as the default. This choice is not restrictive for undirected graphs. An undirected edge between $u$ and $v$ can be represented by including both dir...
C2-P010	chapters/chapter02-graph-learning-message-passing.tex	47-50	The map $\lambda:V\to\mathbb{R}^{n}$ gives each node an initial feature vector. This vector may encode raw attributes, labels available as input, categorical values after one-hot e...
C2-P011	chapters/chapter02-graph-learning-message-passing.tex	52-57	The base notation omits edge features from the graph tuple. This keeps $G=(V,E,\lambda)$ compact and matches the GLoRa formalisation. When edge features are needed, an additional m...
C2-P012	chapters/chapter02-graph-learning-message-passing.tex	59-63	Node features describe individual objects. Edge features describe relations or interactions. For instance, a node feature in a traffic graph may encode the current speed on a road ...
C2-P013	chapters/chapter02-graph-learning-message-passing.tex	65-70	Paths connect edge direction to graph distance and dependency length. A directed path from $u$ to $v$ of length $d$ is a sequence of nodes $p=(v_0,\ldots,v_d)$. The sequence satisf...
C2-P014	chapters/chapter02-graph-learning-message-passing.tex	72-72	\section{Graph Learning Tasks}
C2-P015	chapters/chapter02-graph-learning-message-passing.tex	74-75	Graph learning tasks differ by what the model predicts and where that prediction is attached. GLoRa is inductive binary node classification, so later benchmark claims concern the t...
C2-P016	chapters/chapter02-graph-learning-message-passing.tex	77-78	Node-level tasks attach a prediction to each target node, whereas graph-level tasks attach one prediction to the whole graph. The same graph representation can support both setting...
C2-P017	chapters/chapter02-graph-learning-message-passing.tex	80-83	In node classification, the model predicts a discrete label for a target node. Binary node classification is the special case with two labels, often written as True and False in th...
C2-P018	chapters/chapter02-graph-learning-message-passing.tex	85-88	Graph classification predicts a label for the whole graph, whereas graph regression predicts a real-valued output. Both tasks require a graph-level representation rather than only ...
C2-P019	chapters/chapter02-graph-learning-message-passing.tex	90-94	Edge-level tasks are also common, although they are not the main setting of the GLoRa paper. An edge classifier predicts a label for a pair of nodes or for an existing edge. A link...
C2-P020	chapters/chapter02-graph-learning-message-passing.tex	96-99	The distinction between transductive and inductive learning is central. In a transductive node task, the training, validation, and test nodes belong to one graph that is already kn...
C2-P021	chapters/chapter02-graph-learning-message-passing.tex	101-104	In an inductive task, the model must generalise to new graph instances or to nodes that were not part of the training graph. Each example may be a pair $(G,v)$ consisting of a grap...
C2-P022	chapters/chapter02-graph-learning-message-passing.tex	106-109	The inductive setting is stricter in one respect. The model cannot solve the task by memorising node identities in a single graph. It must learn a rule that applies across graph in...
C2-P023	chapters/chapter02-graph-learning-message-passing.tex	111-111	\section{Message-Passing Graph Neural Networks}
C2-P024	chapters/chapter02-graph-learning-message-passing.tex	113-115	Message-passing layers provide a common computational backbone for node-, edge-, and graph-level tasks. Each layer performs one-hop neighbourhood aggregation, so the depth $L$ cont...
C2-P025	chapters/chapter02-graph-learning-message-passing.tex	117-120	Message-passing graph neural networks compute node representations through successive local layers. Each layer aggregates the previous-layer representations of a node's neighbours ...
C2-P026	chapters/chapter02-graph-learning-message-passing.tex	122-137	Let $h_v^{(\ell)}$ be the node representation, or hidden state, of node $v$ after layer $\ell$. The initial node representation is \[ h_v^{(0)}=\lambda(v). \] A generic message-pas...
C2-P027	chapters/chapter02-graph-learning-message-passing.tex	139-148	For node classification, a final classifier maps the last node representation to a label: \[ \hat{y}_v=\operatorname{Cls}\left(h_v^{(L)}\right). \] For graph classification, a read...
C2-P028	chapters/chapter02-graph-learning-message-passing.tex	150-154	This formalism covers many common GNN architectures. They differ in their aggregation functions, update functions, and normalisations. Aggregation may use sums, means, maxima, or l...
C2-P029	chapters/chapter02-graph-learning-message-passing.tex	156-160	The neighbourhood convention matters. With $N(v)=\{u\in V\mid (u,v)\in E\}$, the node representation $h_v^{(\ell)}$ receives information from nodes that have outgoing edges into $v...
C2-P030	chapters/chapter02-graph-learning-message-passing.tex	162-166	Self-information can be handled in two equivalent ways. The update above gives $\operatorname{Upd}^{(\ell)}$ direct access to $h_v^{(\ell-1)}$. Some architectures instead add self-...
C2-P031	chapters/chapter02-graph-learning-message-passing.tex	168-168	\section{Locality and Receptive Fields}
C2-P032	chapters/chapter02-graph-learning-message-passing.tex	170-172	One-hop neighbourhood aggregation makes the receptive field of a target node grow by one step per layer. An $L$-layer model can therefore receive information only from nodes in its...
C2-P033	chapters/chapter02-graph-learning-message-passing.tex	174-177	Locality is the defining property of message passing. After one layer, $h_v^{(1)}$ can depend on $\lambda(v)$ and on the initial features of nodes in $N(v)$. A second layer can als...
C2-P034	chapters/chapter02-graph-learning-message-passing.tex	179-189	This set is the receptive field of $v$ at layer $\ell$. It can be defined recursively as \[ \mathcal{R}_0(v)=\{v\}, \] and \[ \mathcal{R}_{\ell}(v)=\mathcal{R}_{\ell-1}(v)\cup\{u\m...
C2-P035	chapters/chapter02-graph-learning-message-passing.tex	191-194	Locality gives message passing a clear interpretation. Each layer increases the maximum graph distance from which the target node representation can use information by one. If a so...
C2-P036	chapters/chapter02-graph-learning-message-passing.tex	196-200	When $L\geq d$, information from $u$ can in principle affect $v$. This condition provides access to the information, not a guarantee that the model will learn to use it. The releva...
C2-P037	chapters/chapter02-graph-learning-message-passing.tex	202-205	The depth-distance relation makes dependency length operational for GNN evaluation. A task has a dependency of length $d$ when the correct prediction at a target node depends on in...
C2-P038	chapters/chapter02-graph-learning-message-passing.tex	207-207	\section{Permutation Equivariance and Invariance}
C2-P039	chapters/chapter02-graph-learning-message-passing.tex	209-211	Locality constrains which nodes can affect a prediction, while permutation symmetry constrains how the model may use them. Because node order has no meaning, node-level predictions...
C2-P040	chapters/chapter02-graph-learning-message-passing.tex	213-215	The same graph can be stored as an adjacency list, an adjacency matrix, or an edge list, with its nodes listed in many different orders. Changing this order changes only the repres...
C2-P041	chapters/chapter02-graph-learning-message-passing.tex	217-225	For node-level tasks, the required property is permutation equivariance. Let $\pi$ be a relabelling of the nodes. The relabelled graph $G^\pi$ has edges $(\pi(u),\pi(v))$ whenever ...
C2-P042	chapters/chapter02-graph-learning-message-passing.tex	227-234	For graph-level tasks, the required property is permutation invariance. A graph predictor $R$ is invariant when \[ R(G^\pi)=R(G) \] for every relabelling $\pi$. The output is attac...
C2-P043	chapters/chapter02-graph-learning-message-passing.tex	236-240	Message passing achieves equivariance through two design choices. First, the same aggregation and update functions are used at every node. Second, aggregation treats the neighbours...
C2-P044	chapters/chapter02-graph-learning-message-passing.tex	242-245	Graph-level invariance usually comes from an invariant readout. A readout based on a sum, mean, maximum, or learned multiset function does not depend on the order of the final node...
C2-P045	chapters/chapter02-graph-learning-message-passing.tex	247-251	Permutation symmetry also shapes which functions are expressible by a graph model. A node classifier cannot depend on a node's arbitrary input position unless that position is enco...
C2-P046	chapters/chapter02-graph-learning-message-passing.tex	253-253	\section{Standard Architectures at a Conceptual Level}
C2-P047	chapters/chapter02-graph-learning-message-passing.tex	255-256	Common graph neural network architectures differ in the mechanism they change: aggregation, update, gating, propagation depth, or connectivity. For long-range evaluation, the cruci...
C2-P048	chapters/chapter02-graph-learning-message-passing.tex	258-260	The original graph neural network model introduced the idea of learning node representations through repeated message-passing layers \cite{scarselli2008graph}. Modern architectures...
C2-P049	chapters/chapter02-graph-learning-message-passing.tex	262-264	Graph convolutional networks use a normalised average of neighbouring representations followed by a learned linear transformation and a nonlinearity \cite{kipf2017semi}. The normal...
C2-P050	chapters/chapter02-graph-learning-message-passing.tex	266-270	GraphSAGE was designed with inductive learning in mind. It builds node representations by aggregating sampled neighbourhood information and combining it with the node's previous re...
C2-P051	chapters/chapter02-graph-learning-message-passing.tex	272-276	Graph attention networks replace fixed aggregation weights by learned attention weights. For a target node $v$, the model scores neighbours $u\in N(v)$ and uses these scores to wei...
C2-P052	chapters/chapter02-graph-learning-message-passing.tex	278-282	Graph isomorphism networks use sum aggregation followed by multilayer perceptrons. The design is motivated by the need for expressive multiset aggregation. A sum can preserve more ...
C2-P053	chapters/chapter02-graph-learning-message-passing.tex	284-287	Gated and recurrent graph neural networks add mechanisms that control how much new information enters a node representation. The update resembles recurrent neural network gating, w...
C2-P054	chapters/chapter02-graph-learning-message-passing.tex	289-292	Simplified graph convolutional models, such as SGC, remove some nonlinear transformations and collapse repeated propagation into a simpler linear form \cite{wu2019sgc}. These model...
C2-P055	chapters/chapter02-graph-learning-message-passing.tex	294-299	Rewiring methods and graph transformers change the message-passing connectivity pattern rather than only the local message-passing rule. Rewiring modifies the graph by adding, remo...
C2-P056	chapters/chapter02-graph-learning-message-passing.tex	301-301	\section{Expressivity}
C2-P057	chapters/chapter02-graph-learning-message-passing.tex	303-306	Expressivity describes the set of graph functions expressible by a model class. For node classification, the function maps a graph and a target node to a label. For graph classific...
C2-P058	chapters/chapter02-graph-learning-message-passing.tex	308-312	Local message passing imposes an immediate expressivity limit. With $L$ layers, a node representation cannot depend on nodes outside its $L$-layer receptive field. Consider a node ...
C2-P059	chapters/chapter02-graph-learning-message-passing.tex	314-318	There are also expressivity limits inside the receptive field. Aggregation compresses a multiset of neighbour representations into a fixed-size vector. If two different neighbourho...
C2-P060	chapters/chapter02-graph-learning-message-passing.tex	320-325	Permutation symmetry also limits expressivity in a principled way. An equivariant node classifier can distinguish a node only through its features, its structural position, and the...
C2-P061	chapters/chapter02-graph-learning-message-passing.tex	327-330	Theoretical work connects message-passing expressivity to logical and combinatorial notions of graph distinguishability \cite{barcelo2020logical}. The details are beyond the scope ...
C2-P062	chapters/chapter02-graph-learning-message-passing.tex	332-335	Expressivity should be separated from optimisation. If a target function is not expressible, training failure is expected. If the target function is expressible, the model may stil...
C2-P063	chapters/chapter02-graph-learning-message-passing.tex	337-337	\section{Why Benchmark Target Functions Must Be Expressible}
C2-P064	chapters/chapter02-graph-learning-message-passing.tex	339-342	Long-range benchmarks must rule out shortcut functions while keeping the intended target function expressible. In GLoRa, accuracy is intended to provide evidence about a dependency...
C2-P065	chapters/chapter02-graph-learning-message-passing.tex	344-348	The first source of ambiguity is a shortcut function. The benchmark examples may be generated from a rule that involves a long path, while the finite dataset can also be fitted by ...
C2-P066	chapters/chapter02-graph-learning-message-passing.tex	350-354	Shortcuts can arise from local features, global counts, graph size, degree patterns, label imbalance, or construction artefacts. For example, if all negative examples contain a spe...
C2-P067	chapters/chapter02-graph-learning-message-passing.tex	356-360	The second source of ambiguity is an inexpressible target function. The intended rule may genuinely require a long-range dependency, but it may be inexpressible by the evaluated mo...
C2-P068	chapters/chapter02-graph-learning-message-passing.tex	362-364	Together, these two cases make accuracy ambiguous. High accuracy is uninformative when shortcuts exist, and low accuracy is uninformative when the intended function is inexpressibl...
C2-P069	chapters/chapter02-graph-learning-message-passing.tex	366-370	These conditions explain why the message-passing formalism matters for evaluation. Whether the target function is expressible must be assessed against the model class being evaluat...
C2-P070	chapters/chapter02-graph-learning-message-passing.tex	372-375	GLoRa addresses these two requirements by generating examples for a chosen dependency length. The positive and negative cases are designed so that fitting enough examples requires ...
C2-P071	chapters/chapter02-graph-learning-message-passing.tex	377-377	\section{Chapter Summary}
C2-P072	chapters/chapter02-graph-learning-message-passing.tex	379-380	This chapter established the formal link from graph structure to benchmark interpretation. Graph distance, message-passing layers, node representations, and readout functions deter...
C2-P073	chapters/chapter02-graph-learning-message-passing.tex	382-384	The shared notation is $G=(V,E,\lambda)$, with directed edges $(u,v)\in E$, node features $\lambda:V\to\mathbb{R}^{n}$, and incoming neighbourhoods $N(v)=\{u\in V\mid (u,v)\in E\}$...
C2-P074	chapters/chapter02-graph-learning-message-passing.tex	386-390	At node level, this formalism is local and permutation equivariant. An invariant graph-level readout makes the final output permutation invariant. After $\ell$ layers, a node can d...
C3-P001	chapters/chapter03-long-range-dependencies.tex	1-1	\chapter{Long-Range Dependencies in Graphs}
C3-P002	chapters/chapter03-long-range-dependencies.tex	3-3	\section{What a Long-Range Dependency Is}
C3-P003	chapters/chapter03-long-range-dependencies.tex	5-8	A long-range dependency describes what information a task requires for a correct prediction, not merely the size or structure of its input graph. In node classification, the correc...
C3-P004	chapters/chapter03-long-range-dependencies.tex	10-16	Throughout this chapter, a graph is written as \[ G=(V,E,\lambda). \] Here \(V\) is the set of nodes, \(E\) is the set of edges, and \(\lambda\) assigns an input feature vector to ...
C3-P005	chapters/chapter03-long-range-dependencies.tex	18-28	The basic object behind the dependency is a path. A path of length \(d\) is a sequence \[ p=(v_0,\ldots,v_d) \] such that \((v_{i-1},v_i)\in E\) for every \(i\) with \(1\le i\le d\...
C3-P006	chapters/chapter03-long-range-dependencies.tex	30-33	These structural definitions provide the setting for an informal task-level definition. A prediction has a long-range dependency of length \(d\) when the correct answer at the targ...
C3-P007	chapters/chapter03-long-range-dependencies.tex	35-40	This task-level view is stricter than the everyday phrase ``uses global information''. A model can aggregate information from many nodes and still ignore the particular path that d...
C3-P008	chapters/chapter03-long-range-dependencies.tex	42-42	\section{The Informal View}
C3-P009	chapters/chapter03-long-range-dependencies.tex	44-47	To make the task-level definition concrete, fix a source node \(v_0\), a target node \(v_d\), and a path \(p=(v_0,\ldots,v_d)\) of length \(d\) between them. The source carries inf...
C3-P010	chapters/chapter03-long-range-dependencies.tex	49-53	This source-to-target picture matches the locality of message-passing graph neural networks. After one message-passing layer, a node can directly combine information from its immed...
C3-P011	chapters/chapter03-long-range-dependencies.tex	55-59	The phrase ``in principle'' separates architectural access from learned use. The existence of a source-to-target path does not guarantee that the model has learned to use its infor...
C3-P012	chapters/chapter03-long-range-dependencies.tex	61-63	The same source-to-target pattern motivates examples from social, traffic, biochemical, web, and financial graphs, where evidence can become relevant through a path spanning severa...
C3-P013	chapters/chapter03-long-range-dependencies.tex	65-65	\section{A Formal View Based on Paths}
C3-P014	chapters/chapter03-long-range-dependencies.tex	67-68	The informal account identifies a counterfactual: changing relevant path information can change the target label. The path-aware definition used by GLoRa makes this counterfactual ...
C3-P015	chapters/chapter03-long-range-dependencies.tex	70-72	Consider a node-classification function \(f\) that takes a graph \(G=(V,E,\lambda)\) and a target node as input and returns a label. A path-aware dependency of length \(d\) is witn...
C3-P016	chapters/chapter03-long-range-dependencies.tex	74-78	The first intervention changes the input feature vector of one internal node \(v_i\), with \(0<i<d\), while leaving the rest of the graph fixed. If this change can alter the label ...
C3-P017	chapters/chapter03-long-range-dependencies.tex	80-85	Internal-node sensitivity alone does not establish that the function uses these nodes as a path. A function might be sensitive to a node on a long path for an unrelated reason, so ...
C3-P018	chapters/chapter03-long-range-dependencies.tex	87-90	The final intervention also damages the original path. If an internal node on the original path is perturbed and a node on the duplicated segment is perturbed as well, then the cla...
C3-P019	chapters/chapter03-long-range-dependencies.tex	92-95	The three conditions play complementary roles. Sensitivity makes every internal node on the witnessing path necessary. The duplicate-segment test shows that a corrupted copy does n...
C3-P020	chapters/chapter03-long-range-dependencies.tex	97-102	The resulting definition is stronger than a plain distance-based definition. A plain definition might say that \(f(G,v_d)\) depends on a node \(v_0\) with \(\operatorname{dist}_G(v...
C3-P021	chapters/chapter03-long-range-dependencies.tex	104-107	The GLoRa paper presents this definition as one possible formalization rather than the only one. An alternative could require only a source node with certain properties at large gr...
C3-P022	chapters/chapter03-long-range-dependencies.tex	109-109	\section{Graph Distance, Path Length, and Dependency Length}
C3-P023	chapters/chapter03-long-range-dependencies.tex	111-115	The formal witness separates three quantities that can coincide but need not do so. Graph distance and path length describe structure in \(G\), whereas dependency length describes ...
C3-P024	chapters/chapter03-long-range-dependencies.tex	117-119	Path length instead belongs to a particular path. The path \(p=(v_0,\ldots,v_d)\) has length \(d\) because it contains \(d\) edges, whether or not it is a shortest path between its...
C3-P025	chapters/chapter03-long-range-dependencies.tex	121-124	Dependency length belongs to the task. In the path-aware setting, it is the length of a witnessing path whose information the label function must use. In GLoRa, a dependency of len...
C3-P026	chapters/chapter03-long-range-dependencies.tex	126-130	The three quantities often agree, but their agreement must be established rather than assumed. A graph may contain a path of length \(d\) even when a shorter path links the same en...
C3-P027	chapters/chapter03-long-range-dependencies.tex	132-135	This distinction shifts evaluation from the intended rule to all functions that fit the generated examples. An intended function that uses a path of length \(d\) is not enough if a...
C3-P028	chapters/chapter03-long-range-dependencies.tex	137-141	Graph diameter is insufficient for the same reason. It gives the largest shortest-path distance between nodes but does not show whether the label depends on any distant pair. A dat...
C3-P029	chapters/chapter03-long-range-dependencies.tex	143-143	\section{Why Path-Aware Dependencies Matter}
C3-P030	chapters/chapter03-long-range-dependencies.tex	145-147	Path awareness matters because graph learning is not ordinary learning on unordered sets. Edges determine how one node can affect another, so a distant source node can matter becau...
C3-P031	chapters/chapter03-long-range-dependencies.tex	149-152	Two functions on the same graph illustrate the difference. The first classifies the target as True whenever a source node \(v_0\) with a particular feature vector exists anywhere i...
C3-P032	chapters/chapter03-long-range-dependencies.tex	154-158	This distinction underlies the GLoRa paper's critique of synthetic benchmarks. Examples generated from an intended long-range rule may also be fitted by a simpler rule that ignores...
C3-P033	chapters/chapter03-long-range-dependencies.tex	160-163	The same requirement prevents a benchmark from rewarding a model for using the wrong part of the graph. If a task is meant to test whether information is propagated from \(v_0\) to...
C3-P034	chapters/chapter03-long-range-dependencies.tex	165-167	Requiring every fitting function to use a path-aware dependency also sharpens the meaning of model performance. When the target function is also expressible by the evaluated model ...
C3-P035	chapters/chapter03-long-range-dependencies.tex	169-172	This path-aware view also aligns with the locality of message-passing models, which receive information from neighbours and update node representations. For information from \(v_0\...
C3-P036	chapters/chapter03-long-range-dependencies.tex	174-174	\section{Node-Level and Graph-Level Dependencies}
C3-P037	chapters/chapter03-long-range-dependencies.tex	176-178	The formal definition above applies to inductive binary node classification, the setting of GLoRa's main contribution \cite{zhou2025glora}. Its explicit target makes the roles on t...
C3-P038	chapters/chapter03-long-range-dependencies.tex	180-181	In the node-level setting, interventions are direct because the target node provides a fixed point from which distance and dependency are measured. Changing an internal node \(v_i\...
C3-P039	chapters/chapter03-long-range-dependencies.tex	183-187	In a graph-level task, the output is attached to the graph as a whole. A molecule may be classified by a property of the entire molecular graph. A web graph or transaction graph ma...
C3-P040	chapters/chapter03-long-range-dependencies.tex	189-193	Two views extend the node-level account to this setting. The first introduces a conceptual readout target. A graph classifier often computes node representations and then pools the...
C3-P041	chapters/chapter03-long-range-dependencies.tex	195-198	The second view treats the path itself as the witness. For graph classification, the dependency of length \(d\) may mean that the graph label changes when a path \(p=(v_0,\ldots,v_...
C3-P042	chapters/chapter03-long-range-dependencies.tex	200-201	Both views preserve the central difficulty identified by the node-level definition. A pooling or readout step changes where the prediction is made, but a model must still preserve ...
C3-P043	chapters/chapter03-long-range-dependencies.tex	203-208	The two task types nevertheless remain distinct. A node-level task includes a direction from source to target, whereas a graph-level task may have several source nodes and collect ...
C3-P044	chapters/chapter03-long-range-dependencies.tex	210-210	\section{Examples Across Graph Domains}
C3-P045	chapters/chapter03-long-range-dependencies.tex	212-213	The path-aware account applies across graph domains even though nodes, edges, and labels have different meanings. In each case, the relevant question is whether information several...
C3-P046	chapters/chapter03-long-range-dependencies.tex	215-219	In social graphs, users may influence a target user's behaviour through friendship, following, communication, or interaction paths. In traffic graphs, a downstream road segment may...
C3-P047	chapters/chapter03-long-range-dependencies.tex	221-225	These examples motivate the common dependency pattern rather than provide complete domain models. Each domain has its own data quality issues, graph construction choices, and label...
C3-P048	chapters/chapter03-long-range-dependencies.tex	227-227	\section{Large Receptive Field Is Not the Same as Long-Range Learning}
C3-P049	chapters/chapter03-long-range-dependencies.tex	229-232	Architectural reach and learned use are different claims. A model has access to distant information when its architecture allows that information to influence the target representa...
C3-P050	chapters/chapter03-long-range-dependencies.tex	234-239	For a standard message-passing graph neural network, the receptive field of a target node grows with the number of message-passing layers. After enough layers, information from \(v...
C3-P051	chapters/chapter03-long-range-dependencies.tex	241-245	Graph rewiring enlarges the receptive field by adding edges, while graph transformers allow attention between many pairs of nodes. Virtual nodes or global readouts can create short...
C3-P052	chapters/chapter03-long-range-dependencies.tex	247-252	The interventions introduced earlier provide an operational test of use. Suppose a trained model predicts the correct label at \(v_d\). Changing the relevant information at \(v_0\)...
C3-P053	chapters/chapter03-long-range-dependencies.tex	254-255	The integrity of \(p=(v_0,\ldots,v_d)\) thus supplies the counterfactual evidence behind a long-range claim. A large receptive field says that the model could use this path, wherea...
C3-P054	chapters/chapter03-long-range-dependencies.tex	257-259	Strong benchmark performance may mean that the model learned the intended long-range dependency, learned a shortcut, or used architectural features that changed the graph so that t...
C3-P055	chapters/chapter03-long-range-dependencies.tex	261-261	\section{Dependency Length as an Evaluation Parameter}
C3-P056	chapters/chapter03-long-range-dependencies.tex	263-265	Once dependency length is defined as a task requirement, it can be controlled during evaluation. This is the central methodological move behind GLoRa. Rather than asking only wheth...
C3-P057	chapters/chapter03-long-range-dependencies.tex	267-269	Treating \(d\) as an evaluation parameter replaces a single dataset score with a performance curve over a family of datasets. The curve can show whether a model succeeds at short d...
C3-P058	chapters/chapter03-long-range-dependencies.tex	271-275	GLoRa implements this parameterized evaluation by generating benchmark instances for increasing values of \(d\). The intended function asks whether there is a source-to-target path...
C3-P059	chapters/chapter03-long-range-dependencies.tex	277-282	This interpretation depends on controlling both shortcuts and expressibility. If the task does not require dependency length \(d\), success may reflect a shortcut rather than long-...
C3-P060	chapters/chapter03-long-range-dependencies.tex	284-287	Controlling \(d\) also supports comparisons among explanations of failure. Over-smoothing, over-squashing, and vanishing gradients are often discussed as causes of long-range failu...
C3-P061	chapters/chapter03-long-range-dependencies.tex	289-290	Beyond GLoRa, any benchmark that claims to test long-range graph learning should identify the values of \(d\), explain how they are measured, and establish that the labels force de...
C3-P062	chapters/chapter03-long-range-dependencies.tex	292-292	\section{Implications for Evaluation}
C3-P063	chapters/chapter03-long-range-dependencies.tex	294-296	This chapter has separated the task property to be evaluated from the architecture and learned function used to solve it. Graph distance and path length describe available structur...
C3-P064	chapters/chapter03-long-range-dependencies.tex	298-302	This view has two consequences for the rest of the thesis. First, explanations of long-range failure should be evaluated against a precise task requirement. Over-smoothing, over-sq...
C3-P065	chapters/chapter03-long-range-dependencies.tex	304-306	GLoRa makes \(d\) explicit in node-classification benchmarks whose dependency length is chosen in advance. The source-to-target path is part of the intended function, and the gener...
C4-P001	chapters/chapter04-failure-explanations.tex	1-1	\chapter{Explanations of Long-Range Failure}
C4-P002	chapters/chapter04-failure-explanations.tex	3-6	Message passing gives a graph neural network a route through which graph structure can affect a prediction. At each layer, a node combines its previous-layer representation with me...
C4-P003	chapters/chapter04-failure-explanations.tex	8-11	Reachability, however, is only the first condition. A trained model must preserve the relevant source information through successive message-passing layers and keep it separate fro...
C4-P004	chapters/chapter04-failure-explanations.tex	13-18	The literature commonly explains such drops through three mechanisms: over-smoothing, over-squashing, and vanishing gradients \cite{li2018deeper,alon2021bottleneck,glorot2010diffic...
C4-P005	chapters/chapter04-failure-explanations.tex	20-24	This chapter uses these predicted traces to organise the candidate explanations. The GLoRa paper provides a controlled setting because the dependency length $d$ is fixed by constru...
C4-P006	chapters/chapter04-failure-explanations.tex	26-26	\section{What a Candidate Explanation Must Explain}
C4-P007	chapters/chapter04-failure-explanations.tex	28-31	A candidate explanation for long-range failure must connect the model's behaviour to a mechanism that makes source information unusable at the target node. A long-range task is har...
C4-P008	chapters/chapter04-failure-explanations.tex	33-37	Each candidate explanation therefore needs its own evidence standard. For over-smoothing, the relevant trace is convergence between node representations that should remain distingu...
C4-P009	chapters/chapter04-failure-explanations.tex	39-43	This standard matters because increasing $d$ changes several aspects of the problem at once. The source node moves farther from the target node, and the model often needs more mess...
C4-P010	chapters/chapter04-failure-explanations.tex	45-47	GLoRa follows this sequence explicitly. It constructs benchmarks whose intended solution requires source information at dependency length $d$, evaluates graph learning systems as $...
C4-P011	chapters/chapter04-failure-explanations.tex	49-49	\section{Over-Smoothing}
C4-P012	chapters/chapter04-failure-explanations.tex	51-54	Over-smoothing predicts a representation trace in which node representations that should remain distinct converge towards similar values. Many graph neural networks update each nod...
C4-P013	chapters/chapter04-failure-explanations.tex	56-59	This explanation is plausible in a long-range task because depth has two roles. The target node needs enough message-passing layers to receive source information from graph distanc...
C4-P014	chapters/chapter04-failure-explanations.tex	61-64	Consider two examples that require different labels because their source information differs. If message passing preserves that distinction, their final target node representations...
C4-P015	chapters/chapter04-failure-explanations.tex	66-69	The direct evidence for over-smoothing should therefore come from node representations. For node classification, the most relevant quantity is the final target node representation ...
C4-P016	chapters/chapter04-failure-explanations.tex	71-72	Supporting diagnostics can measure representation variance across nodes or examples, compare distances between target node representations for different labels, or test whether met...
C4-P017	chapters/chapter04-failure-explanations.tex	74-77	GLoRa checks this trace directly after first establishing that accuracy drops as $d$ increases for many systems. The paper inspects last-layer target node representations for the b...
C4-P018	chapters/chapter04-failure-explanations.tex	79-82	For the inspected systems in the tested GLoRa setting, the observed degradation therefore lacks the representation convergence predicted by over-smoothing. The increased mixing is ...
C4-P019	chapters/chapter04-failure-explanations.tex	84-84	\section{Over-Squashing}
C4-P020	chapters/chapter04-failure-explanations.tex	86-89	Over-squashing predicts a compression trace in which a channel is too narrow to carry all relevant source information. A node representation has fixed dimension even when the amoun...
C4-P021	chapters/chapter04-failure-explanations.tex	91-94	The mechanism is most natural on graphs with structural bottlenecks. If a target node's label can depend on one source node among many distant nodes, and their influence must cross...
C4-P022	chapters/chapter04-failure-explanations.tex	96-99	This mechanism differs from over-smoothing. Over-smoothing makes representations too similar through repeated mixing, whereas over-squashing packs too much distinct information int...
C4-P023	chapters/chapter04-failure-explanations.tex	101-105	Evidence for over-squashing should establish the bottleneck and connect it to information loss. A structural diagnostic can test whether many directed paths, or many possible place...
C4-P024	chapters/chapter04-failure-explanations.tex	107-110	This mechanism has motivated methods that change message passing or the graph. Some add, remove, or reweight edges to provide shorter or less congested paths, while others use broa...
C4-P025	chapters/chapter04-failure-explanations.tex	112-115	The main directed GLoRa construction does not create the path growth required by one common bottleneck account. Each example has a bounded number of additional chains, at most $10$...
C4-P026	chapters/chapter04-failure-explanations.tex	117-120	Directedness is essential to this argument. If the same chain were treated as undirected, message passing could use both edge directions. As the number of message-passing layers gr...
C4-P027	chapters/chapter04-failure-explanations.tex	122-125	GLoRa thus tests a specific structural form of over-squashing rather than every possible loss of information. The source node is far from the target node, but distance alone does n...
C4-P028	chapters/chapter04-failure-explanations.tex	127-127	\section{Vanishing Gradients}
C4-P029	chapters/chapter04-failure-explanations.tex	129-132	Vanishing gradients predict an optimization trace in which the backward signal becomes too weak in the early layers that must learn how to process source information. They occur wh...
C4-P030	chapters/chapter04-failure-explanations.tex	134-136	The mechanism is not specific to graphs. Backpropagation uses the chain rule, and a product of many derivatives can become very small. Early parameters then receive weak updates, s...
C4-P031	chapters/chapter04-failure-explanations.tex	138-141	In a graph neural network, this optimization problem follows the message-passing path. For a dependency of length $d$, source information must be processed and propagated through s...
C4-P032	chapters/chapter04-failure-explanations.tex	143-147	Evidence for vanishing gradients should therefore come from training dynamics. A direct diagnostic measures gradient norms in early layers as the dependency length $d$ or the numbe...
C4-P033	chapters/chapter04-failure-explanations.tex	149-152	GLoRa measures weight gradients in the best-performing systems. The main paper plots first-layer gradients across training epochs, and the appendix reports similar behaviour for ot...
C4-P034	chapters/chapter04-failure-explanations.tex	154-156	These observations weigh against a simple vanishing-gradient account of the tested GLoRa failures. If a disappearing backward signal were the main problem, the early-layer gradient...
C4-P035	chapters/chapter04-failure-explanations.tex	158-162	The diagnostic has a clear limit. Stable weight gradients show that training signals exist, but they do not show that those gradients point towards the intended solution. A model c...
C4-P036	chapters/chapter04-failure-explanations.tex	164-164	\section{How the Explanations Interact}
C4-P037	chapters/chapter04-failure-explanations.tex	166-169	Over-smoothing, over-squashing, and vanishing gradients describe different traces within the same learned system. Message passing defines a forward computation from the source info...
C4-P038	chapters/chapter04-failure-explanations.tex	171-174	Over-smoothing and over-squashing can reinforce each other. When each layer mixes many messages, the target node representation may both lose differences between nodes and discard ...
C4-P039	chapters/chapter04-failure-explanations.tex	176-179	Vanishing gradients can interact with both forward mechanisms. If gradients become too small in early message-passing layers, the model may never learn transformations that resist ...
C4-P040	chapters/chapter04-failure-explanations.tex	181-185	Architectural changes can also affect several traces at once. A residual connection may improve gradient flow while preserving earlier node representations, and normalization may s...
C4-P041	chapters/chapter04-failure-explanations.tex	187-190	These overlapping effects make an intervention alone insufficient for causal identification. An improvement from residual connections could reflect better gradient flow, less repre...
C4-P042	chapters/chapter04-failure-explanations.tex	192-192	\section{What the Diagnostics Leave Open}
C4-P043	chapters/chapter04-failure-explanations.tex	194-197	Mechanism-level diagnostics provide asymmetric evidence. Finding a predicted trace can support a candidate explanation, although further evidence may still be needed to show that t...
C4-P044	chapters/chapter04-failure-explanations.tex	199-202	The same distinction applies when comparing systems. If a method designed to reduce over-smoothing performs better than a vanilla GNN at larger $d$, the result shows that the metho...
C4-P045	chapters/chapter04-failure-explanations.tex	204-207	GLoRa applies one test to each proposed mechanism. It checks final target node representations for the collapse predicted by over-smoothing, the directed construction for the path ...
C4-P046	chapters/chapter04-failure-explanations.tex	209-212	Several explanations therefore remain open. The model may not learn the intended algorithmic rule, its message-passing inductive bias may not favour the required composition, or op...
C4-P047	chapters/chapter04-failure-explanations.tex	214-214	\section{The Role of GLoRa in the Explanation}
C4-P048	chapters/chapter04-failure-explanations.tex	216-219	GLoRa has two related roles in this thesis. As a benchmark, it separates general task performance from evidence that a system learned a dependency of length $d$. Its construction i...
C4-P049	chapters/chapter04-failure-explanations.tex	221-223	The benchmark construction makes the failure interpretable without explaining it by itself. A failure at larger $d$ shows that a system did not learn the required dependency reliab...
C4-P050	chapters/chapter04-failure-explanations.tex	225-227	That evidence supports a restrained conclusion. For the systems, layers, and directed construction that the paper inspects, the diagnostics do not support attributing the observed ...
C4-P051	chapters/chapter04-failure-explanations.tex	229-232	This distinction gives the three mechanisms their proper role in the thesis. They remain central risks in deep message passing and useful ways to organise the state of the art. GLo...
C5-P001	chapters/chapter05-state-of-the-art.tex	1-2	\chapter{State of the Art} \label{chap:state-of-the-art}
C5-P002	chapters/chapter05-state-of-the-art.tex	4-8	This review asks what existing graph learning methods and benchmarks can show about a dependency between a source node and a target node at a specified graph distance. Standard mes...
C5-P003	chapters/chapter05-state-of-the-art.tex	10-13	The GLoRa paper links these architectural and evaluative strands by reviewing over-smoothing, over-squashing, and vanishing gradients as common explanations for long-range failure ...
C5-P004	chapters/chapter05-state-of-the-art.tex	15-16	\section{Standard Message-Passing Architectures} \label{sec:sota-standard-gnns}
C5-P005	chapters/chapter05-state-of-the-art.tex	18-22	Standard GNN architectures establish the local reach available to long-range graph learning. Each layer updates a target node from representations of its neighbours, so after $L$ m...
C5-P006	chapters/chapter05-state-of-the-art.tex	24-24	\subsection{Convolution and neighbourhood aggregation}
C5-P007	chapters/chapter05-state-of-the-art.tex	26-28	Neighbourhood aggregation made local message passing the standard GNN baseline. The main architectures share the same one-hop interaction pattern but differ in how they combine nei...
C5-P008	chapters/chapter05-state-of-the-art.tex	30-34	Graph Convolutional Networks provide the canonical instance of this pattern. A GCN layer averages transformed neighbour representations with degree normalization before applying a ...
C5-P009	chapters/chapter05-state-of-the-art.tex	36-40	GraphSAGE retains local aggregation but changes the inductive setting. Rather than learning a separate representation for each node in a fixed graph, it learns an aggregation funct...
C5-P010	chapters/chapter05-state-of-the-art.tex	42-45	Graph Attention Networks replace fixed normalization with learned attention weights over neighbours. GAT learns how strongly each neighbour should contribute to the target node at ...
C5-P011	chapters/chapter05-state-of-the-art.tex	47-51	Graph Isomorphism Networks shift the comparison from aggregation weights to expressivity. GIN uses sum aggregation and an update function designed, under suitable conditions, to ma...
C5-P012	chapters/chapter05-state-of-the-art.tex	53-53	\subsection{Gated and simplified message passing}
C5-P013	chapters/chapter05-state-of-the-art.tex	55-57	Gated and simplified variants test two different accounts of repeated local propagation. Gated models learn what to retain across message-passing steps, whereas simplified models i...
C5-P014	chapters/chapter05-state-of-the-art.tex	59-62	Gated Graph Neural Networks add recurrent-style gating to message passing. GGNNs use gated recurrent units to retain or overwrite node information across several propagation steps ...
C5-P015	chapters/chapter05-state-of-the-art.tex	64-67	GatedGCN places gates on edges within a graph convolutional architecture. GatedGCN and its residual or dense variants are among the strongest systems in the GLoRa experiments \cite...
C5-P016	chapters/chapter05-state-of-the-art.tex	69-72	Simplified Graph Convolution removes intermediate non-linearities and collapses repeated graph convolution into propagation followed by a classifier. SGC shows that part of graph c...
C5-P017	chapters/chapter05-state-of-the-art.tex	74-94	\begin{table}[t] \centering \footnotesize \setlength{\tabcolsep}{3pt} \begin{tabular}{L{0.18\textwidth}L{0.27\textwidth}L{0.25\textwidth}L{0.20\textwidth}} \hline \textbf{Architect...
C5-P018	chapters/chapter05-state-of-the-art.tex	96-98	Standard architectures define long-range learning first as a problem of local reach. Aggregation, attention, gating, recurrence, and linearization change how information survives e...
C5-P019	chapters/chapter05-state-of-the-art.tex	100-101	\section{Depth Methods for Over-Smoothing} \label{sec:sota-oversmoothing}
C5-P020	chapters/chapter05-state-of-the-art.tex	103-107	Depth methods address whether the receptive field of a local architecture remains usable as layers are added. Their main target is over-smoothing, where repeated graph propagation ...
C5-P021	chapters/chapter05-state-of-the-art.tex	109-111	The methods differ in what they preserve. Normalization controls the geometry of node representations, stochastic regularization slows repeated mixing, skip connections retain shal...
C5-P022	chapters/chapter05-state-of-the-art.tex	113-113	\subsection{Normalization and stochastic regularization}
C5-P023	chapters/chapter05-state-of-the-art.tex	115-116	Normalization and stochastic regularization try to prevent repeated propagation from erasing distinctions between node representations. Both can preserve information that would oth...
C5-P024	chapters/chapter05-state-of-the-art.tex	118-120	PairNorm controls the spread of node representations so that their average pairwise distance does not collapse as quickly \cite{zhao2020pairnorm}. It directly targets the geometric...
C5-P025	chapters/chapter05-state-of-the-art.tex	122-124	DropEdge instead removes edges randomly during training, so each layer propagates over a thinned graph \cite{rong2020dropedge}. The thinning can slow repeated mixing and regularize...
C5-P026	chapters/chapter05-state-of-the-art.tex	126-130	Batch normalization, residual connections, and dense connections provide a third route to deep graph networks \cite{ioffe2015batch}. DeepGCN-style designs adapt residual and dense ...
C5-P027	chapters/chapter05-state-of-the-art.tex	132-132	\subsection{Layer selection and initial residuals}
C5-P028	chapters/chapter05-state-of-the-art.tex	134-137	Layer-selection and initial-residual methods make depth less rigid. The readout can combine several propagation depths, or deep layers can retain direct access to initial node feat...
C5-P029	chapters/chapter05-state-of-the-art.tex	139-141	Jumping Knowledge Networks let the readout select or combine node representations from several intermediate layers and thus from different neighbourhood ranges \cite{xu2018jknet}. ...
C5-P030	chapters/chapter05-state-of-the-art.tex	143-145	GCNII combines initial residual connections, which repeatedly reintroduce input features, with identity mapping to reduce the collapse caused by repeated propagation \cite{chen2020...
C5-P031	chapters/chapter05-state-of-the-art.tex	147-150	APPNP separates prediction from propagation by computing node-level predictions or representations before a personalized PageRank-style diffusion \cite{gasteiger2019appnp}. GPRGNN ...
C5-P032	chapters/chapter05-state-of-the-art.tex	152-154	DAGNN likewise decouples transformation and propagation by adaptively aggregating information from multiple depths \cite{liu2020dagnn}. Like APPNP and GPRGNN, it treats depth as a ...
C5-P033	chapters/chapter05-state-of-the-art.tex	156-157	Implicit and infinite-depth variants, including IGNN, EIGNN, and graph implicit nonlinear diffusion, replace an explicit layer stack with fixed-point or diffusion-like formulations...
C5-P034	chapters/chapter05-state-of-the-art.tex	159-177	\begin{table}[t] \centering \footnotesize \setlength{\tabcolsep}{3pt} \begin{tabular}{L{0.18\textwidth}L{0.28\textwidth}L{0.26\textwidth}L{0.18\textwidth}} \hline \textbf{Method fa...
C5-P035	chapters/chapter05-state-of-the-art.tex	179-182	Taken together, these methods make depth usable by preserving representation differences, shallow features, gradients, or a choice among propagation scales. The GLoRa diagnostics n...
C5-P036	chapters/chapter05-state-of-the-art.tex	184-185	\section{Bottlenecks and Graph Rewiring} \label{sec:sota-oversquashing-rewiring}
C5-P037	chapters/chapter05-state-of-the-art.tex	187-191	Bottleneck and rewiring methods treat long-range failure as a problem in the communication graph. They begin from over-squashing, where information from many nodes must be compress...
C5-P038	chapters/chapter05-state-of-the-art.tex	193-196	The communication graph can be changed by adding, removing, or reweighting edges, or by passing messages through relations beyond the original one-hop neighbourhood. Methods differ...
C5-P039	chapters/chapter05-state-of-the-art.tex	198-198	\subsection{Diffusion and higher-order propagation}
C5-P040	chapters/chapter05-state-of-the-art.tex	200-201	Diffusion and higher-order propagation make distant information available without waiting one layer per hop. They broaden the propagation operator rather than inserting particular ...
C5-P041	chapters/chapter05-state-of-the-art.tex	203-205	DIGL constructs a diffused graph, often through personalized PageRank or heat-kernel-style propagation, so that message passing uses broader structural information than the raw adj...
C5-P042	chapters/chapter05-state-of-the-art.tex	207-210	MixHop instead combines powers of the adjacency matrix within one layer, aggregating from several hop distances as separate channels \cite{abu2019mixhop}. This directly expands the...
C5-P043	chapters/chapter05-state-of-the-art.tex	212-214	FA-GCN, as discussed in the GLoRa paper, follows the bottleneck view of Alon and Yahav \cite{alon2021bottleneck}. It modifies message-passing connectivity so that a graph convoluti...
C5-P044	chapters/chapter05-state-of-the-art.tex	216-216	\subsection{Shortest paths and distance-aware message passing}
C5-P045	chapters/chapter05-state-of-the-art.tex	218-220	Shortest-path and distance-aware methods change which node pairs can interact, reducing the cost of moving source information one edge per layer. Unlike smooth diffusion, they use ...
C5-P046	chapters/chapter05-state-of-the-art.tex	222-225	Shortest Path Networks use shortest-path information for graph property prediction. SP-GCN variants pass messages along shortest-path-based relations instead of relying only on rep...
C5-P047	chapters/chapter05-state-of-the-art.tex	227-229	DRew dynamically rewires message passing while controlling how messages are delayed across time or layers \cite{gutteridge2023drew}. It is motivated by the interaction among over-s...
C5-P048	chapters/chapter05-state-of-the-art.tex	231-231	\subsection{Curvature and spectral rewiring}
C5-P049	chapters/chapter05-state-of-the-art.tex	233-235	Curvature and spectral rewiring choose new edges from graph geometry or graph spectra. Both target connectivity where the original structure is predicted to restrict message passin...
C5-P050	chapters/chapter05-state-of-the-art.tex	237-238	SDRF uses graph geometry to locate bottlenecks, based on the connection between negative curvature and over-squashing \cite{topping2022curvature}. It rewires edges to make propagat...
C5-P051	chapters/chapter05-state-of-the-art.tex	240-242	FOSR uses first-order spectral rewiring to improve graph connectivity and message propagation \cite{karhadkar2023fosr}. Where SDRF diagnoses local geometric bottlenecks, FOSR targe...
C5-P052	chapters/chapter05-state-of-the-art.tex	244-263	\begin{table}[t] \centering \footnotesize \setlength{\tabcolsep}{3pt} \begin{tabular}{L{0.16\textwidth}L{0.24\textwidth}L{0.30\textwidth}L{0.20\textwidth}} \hline \textbf{Mechanism...
C5-P053	chapters/chapter05-state-of-the-art.tex	265-267	Rewiring shows that long-range learning depends on graph semantics as well as depth. A shallow model on a rewired graph may use information from larger original-graph distances tha...
C5-P054	chapters/chapter05-state-of-the-art.tex	269-271	The GLoRa paper also bounds the number of source-to-target paths in its directed benchmark construction independently of dependency length \cite{zhou2025glora}. The main performanc...
C5-P055	chapters/chapter05-state-of-the-art.tex	273-274	\section[Graph Transformers]{Graph Transformers and Positional or Structural Encodings} \label{sec:sota-transformers}
C5-P056	chapters/chapter05-state-of-the-art.tex	276-279	Graph transformers replace strictly local message passing with broader attention between nodes. When every node can attend to every other node, a source node and a target node can ...
C5-P057	chapters/chapter05-state-of-the-art.tex	281-281	\subsection{Global attention and graph structure}
C5-P058	chapters/chapter05-state-of-the-art.tex	283-284	Global-attention graph transformers make long-distance interactions immediate, but attention alone treats visibility and graph structure as separate problems. Their designs differ ...
C5-P059	chapters/chapter05-state-of-the-art.tex	286-289	The original Transformer uses attention to let sequence tokens interact directly \cite{vaswani2017attention}. GraphTransformer adapts this interaction pattern to graphs \cite{dwive...
C5-P060	chapters/chapter05-state-of-the-art.tex	291-293	SAN, the Structure-Aware Transformer, incorporates spectral information into attention \cite{kreuzer2021san}. Laplacian eigenvectors or related encodings distinguish structural rol...
C5-P061	chapters/chapter05-state-of-the-art.tex	295-297	GraphGPS combines local message passing with global transformer attention \cite{rampasek2022gps}. Its local GNN component supplies neighbourhood bias, while the transformer gives n...
C5-P062	chapters/chapter05-state-of-the-art.tex	299-299	\subsection{Positional and structural encodings}
C5-P063	chapters/chapter05-state-of-the-art.tex	301-303	Positional and structural encodings tell attention-based or hybrid models how nodes are situated and related. They may expose graph distance, random-walk behaviour, centrality, or ...
C5-P064	chapters/chapter05-state-of-the-art.tex	305-307	Positional encodings assign nodes coordinates or signatures derived from the graph. Laplacian positional encodings use eigenvectors of the graph Laplacian to provide a global coord...
C5-P065	chapters/chapter05-state-of-the-art.tex	309-311	Random-walk structural encodings summarize returns to a node or transitions to other nodes over different step lengths. They provide a local-to-medium-range structural fingerprint ...
C5-P066	chapters/chapter05-state-of-the-art.tex	313-316	Shortest-path distances, centrality features, edge encodings, and virtual nodes provide other forms of graph topology that raw node features omit. Such information can be necessary...
C5-P067	chapters/chapter05-state-of-the-art.tex	318-334	\begin{table}[t] \centering \footnotesize \setlength{\tabcolsep}{3pt} \begin{tabular}{L{0.18\textwidth}L{0.28\textwidth}L{0.27\textwidth}L{0.17\textwidth}} \hline \textbf{Transform...
C5-P068	chapters/chapter05-state-of-the-art.tex	336-340	Graph transformers change the long-range problem rather than simply improving a local GNN. A message-passing GNN receives graph locality from its adjacency but pays for distance wi...
C5-P069	chapters/chapter05-state-of-the-art.tex	342-345	The GLoRa experiments include GraphTransformer, SAN, and GraphGPS variants with positional encodings \cite{zhou2025glora}. These transformer systems perform poorly even at short de...
C5-P070	chapters/chapter05-state-of-the-art.tex	347-348	\section{Real-World Graph Benchmarks} \label{sec:sota-real-benchmarks}
C5-P071	chapters/chapter05-state-of-the-art.tex	350-353	Real-world graph benchmarks measure practical usefulness on molecules, citation networks, protein interactions, transaction graphs, traffic networks, social networks, and recommend...
C5-P072	chapters/chapter05-state-of-the-art.tex	355-357	Early citation and web benchmarks such as Cora, Citeseer, Cornell, and Texas established standard tasks for comparing graph learning methods, but they were not designed around long...
C5-P073	chapters/chapter05-state-of-the-art.tex	359-361	TUDataset collects graph classification datasets from several domains \cite{morris2020tudataset}. By standardising many graph-level benchmarks, it made comparisons between graph ke...
C5-P074	chapters/chapter05-state-of-the-art.tex	363-366	The Open Graph Benchmark provides larger, more realistic, and more standardised graph learning datasets \cite{hu2020ogb}. OGB defines public splits, metrics, and tasks at a scale b...
C5-P075	chapters/chapter05-state-of-the-art.tex	368-371	The Long Range Graph Benchmark focuses specifically on tasks where long-range interactions are expected to matter and compares models under a common protocol \cite{dwivedi2022long}...
C5-P076	chapters/chapter05-state-of-the-art.tex	373-389	\begin{table}[t] \centering \footnotesize \setlength{\tabcolsep}{3pt} \begin{tabular}{L{0.18\textwidth}L{0.27\textwidth}L{0.25\textwidth}L{0.20\textwidth}} \hline \textbf{Benchmark...
C5-P077	chapters/chapter05-state-of-the-art.tex	391-394	Real-world benchmarks should not be replaced because they answer whether a model is useful on a task of practical interest. Synthetic benchmarks instead ask whether a model can lea...
C5-P078	chapters/chapter05-state-of-the-art.tex	396-397	\section{Synthetic Long-Range Benchmarks} \label{sec:sota-synthetic-benchmarks}
C5-P079	chapters/chapter05-state-of-the-art.tex	399-402	Synthetic long-range benchmarks generate graphs with known structure, features, labels, and intended dependency length. Their generators can control graph size, topology, feature d...
C5-P080	chapters/chapter05-state-of-the-art.tex	404-407	The GLoRa paper argues that synthetic control is necessary but not sufficient \cite{zhou2025glora}. One generator may specify a long-range rule while admitting a short-range or glo...
C5-P081	chapters/chapter05-state-of-the-art.tex	409-409	\subsection{Chain and transfer benchmarks}
C5-P082	chapters/chapter05-state-of-the-art.tex	411-414	Chain and transfer benchmarks place information at one position in a chain-like or transfer graph and use it to determine a distant target label. They make the separation between s...
C5-P083	chapters/chapter05-state-of-the-art.tex	416-418	Synthetic Chains use directed chains in which a node label depends on information at the start of the chain \cite{gu2020implicit}. The source-to-target transfer is explicit, but th...
C5-P084	chapters/chapter05-state-of-the-art.tex	420-422	Graph Transfer and Ring Transfer use ring, crossed-ring, or clique-path structures in which a distant target node must reproduce class information from one marked node \cite{digion...
C5-P085	chapters/chapter05-state-of-the-art.tex	424-426	Conditional Recall is a sequence-like directed-chain task whose graph encodes characters. Its label is the first item that satisfies a priority rule: a digit if present, otherwise ...
C5-P086	chapters/chapter05-state-of-the-art.tex	428-428	\subsection{Tree and proximity benchmarks}
C5-P087	chapters/chapter05-state-of-the-art.tex	430-432	Tree and proximity benchmarks combine graph distance with a tree structure or an $h$-hop neighbourhood condition. Unlike simple transfer, the intended rule also depends on local co...
C5-P088	chapters/chapter05-state-of-the-art.tex	434-436	Tree-Neighbours uses a directed binary tree in which the root must match a leaf selected by a property involving one-hop neighbours \cite{alon2021bottleneck}. The intended dependen...
C5-P089	chapters/chapter05-state-of-the-art.tex	438-441	h-Proximity uses levelled graphs with red, blue, and uncoloured nodes. Its target property asks whether every red node has at most two blue nodes within an $h$-hop neighbourhood \c...
C5-P090	chapters/chapter05-state-of-the-art.tex	443-445	Tree-Max uses a directed binary tree in which each node is labelled by the maximum digit among itself and its descendants \cite{lukovnikov2021improving}. A deep descendant can dete...
C5-P091	chapters/chapter05-state-of-the-art.tex	447-447	\subsection{Connectivity benchmarks}
C5-P092	chapters/chapter05-state-of-the-art.tex	449-451	Connectivity benchmarks make the label depend on a global structural property rather than a single marked source node. This design can avoid the global-marker shortcuts of chain an...
C5-P093	chapters/chapter05-state-of-the-art.tex	453-455	Colour-Connectivity uses two-dimensional grid graphs with red and blue nodes, labelled according to whether the red nodes form one connected island or two disconnected islands \cit...
C5-P094	chapters/chapter05-state-of-the-art.tex	457-478	\begin{table}[t] \centering \footnotesize \setlength{\tabcolsep}{3pt} \begin{tabular}{L{0.18\textwidth}L{0.27\textwidth}L{0.27\textwidth}L{0.18\textwidth}} \hline \textbf{Benchmark...
C5-P095	chapters/chapter05-state-of-the-art.tex	480-482	Synthetic control therefore depends on the set of fitting functions, not only on the presence of a long path or distant node in the label rule. A generator must rule out easier fit...
C5-P096	chapters/chapter05-state-of-the-art.tex	484-485	\section{Synthesis: What the State of the Art Leaves Open} \label{sec:sota-synthesis}
C5-P097	chapters/chapter05-state-of-the-art.tex	487-491	Read together, the architecture and benchmark literatures leave an evaluation gap between improved capability and evidence of a specified path-aware dependency. Standard message-pa...
C5-P098	chapters/chapter05-state-of-the-art.tex	493-497	Each advance changes a different assumption behind a long-range result. Reducing over-smoothing improves usable depth, while rewiring changes the graph on which depth is measured. ...
C5-P099	chapters/chapter05-state-of-the-art.tex	499-502	GLoRa works at this methodological boundary rather than proposing another long-range architecture. It tests whether a graph learning system can learn a dependency of a specified le...
C5-P100	chapters/chapter05-state-of-the-art.tex	504-507	This perspective makes the meaning of a score depend on the benchmark's controls. A high score on an uncontrolled real-world benchmark demonstrates usefulness on that benchmark. On...
C5-P101	chapters/chapter05-state-of-the-art.tex	509-511	The state of the art therefore provides many plausible mechanisms for long-range graph learning but less direct evidence about what those mechanisms learn. The rest of the thesis u...
C6-P001	chapters/chapter06-glora-contribution.tex	1-2	\chapter{The GLoRa Contribution} \label{chap:glora-contribution}
C6-P002	chapters/chapter06-glora-contribution.tex	4-7	A benchmark score supports a claim about dependency length only if success requires the model to learn that dependency. The included paper introduces GLoRa, a benchmark generator f...
C6-P003	chapters/chapter06-glora-contribution.tex	9-13	The construction addresses six threats to this interpretation. The path-aware target and Property (P1) address path dependence, while alternative chains and additional holes addres...
C6-P004	chapters/chapter06-glora-contribution.tex	15-16	\section{Motivation} \label{sec:glora-motivation}
C6-P005	chapters/chapter06-glora-contribution.tex	18-18	Architectural proposals target over-smoothing, over-squashing, and vanishing gradients, but comparing them requires a benchmark that identifies what successful prediction establish...
C6-P006	chapters/chapter06-glora-contribution.tex	20-26	The first evaluation threat is a failure to establish path dependence. For dependency length $d$, the relevant question is whether the target prediction depends on the distance and...
C6-P007	chapters/chapter06-glora-contribution.tex	28-28	Real-world benchmarks compare practical performance, but they do not formally control the dependency that a learned function must use \cite{dwivedi2022long,zhou2025glora}.
C6-P008	chapters/chapter06-glora-contribution.tex	30-37	Synthetic benchmarks offer more control, but that control must extend to alternative fitting functions. A synthetic benchmark can choose the graph structure, the node features, and...
C6-P009	chapters/chapter06-glora-contribution.tex	39-45	GLoRa turns these requirements into three properties developed later in the chapter. Fitting sufficiently many generated examples should require a dependency of length $d$. At leas...
C6-P010	chapters/chapter06-glora-contribution.tex	47-48	\section{Path-Aware Dependency and Notation} \label{sec:glora-path-aware}
C6-P011	chapters/chapter06-glora-contribution.tex	50-52	GLoRa addresses the path-dependence threat through a path-aware target. The target label depends on a source-to-target path of length $d$, not merely on the presence of a distant s...
C6-P012	chapters/chapter06-glora-contribution.tex	54-67	The paper works with directed graphs, with an undirected variant obtained by symmetrising the edges. Throughout this chapter, a graph is written as \[ G=(V,E,\lambda), \] where $V$...
C6-P013	chapters/chapter06-glora-contribution.tex	69-73	The paper's path-aware formalization is deliberately narrow. It does not try to capture every possible meaning of long-range dependence in graphs. Instead, it captures a dependency...
C6-P014	chapters/chapter06-glora-contribution.tex	75-82	The formal definition in the paper can be read as three tests on a node-classification function. First, each intermediate node on the witness path must matter. If the feature of an...
C6-P015	chapters/chapter06-glora-contribution.tex	84-89	This formalization states what the generator must make necessary. The benchmark should generate enough examples that any function fitting them must rely on a path-aware dependency ...
C6-P016	chapters/chapter06-glora-contribution.tex	91-92	\section{Benchmark Design} \label{sec:glora-design}
C6-P017	chapters/chapter06-glora-contribution.tex	94-97	The GLoRa generator turns the path-aware definition into balanced inductive node-classification examples. Positive and negative graphs differ by whether a valid source-to-target pa...
C6-P018	chapters/chapter06-glora-contribution.tex	99-119	GLoRa generates inductive binary node-classification examples. Each example consists of a graph $G=(V,E,\lambda)$ and a target node. The label says whether the target node is posit...
C6-P019	chapters/chapter06-glora-contribution.tex	121-129	The feature schema defines a simple path-aware target function. The target node $v_d$ is positive if and only if there is a source-to-target path from a source node $v_0$ to $v_d$ ...
C6-P020	chapters/chapter06-glora-contribution.tex	131-136	The first part of the generator creates the main source-to-target path and establishes the class-defining path condition. For a positive example, this path has no hole. For a negat...
C6-P021	chapters/chapter06-glora-contribution.tex	138-144	The second part adds alternative chains to remove this hole-presence shortcut. Each alternative chain connects two points that already lie on previously generated chains. Each such...
C6-P022	chapters/chapter06-glora-contribution.tex	146-151	The third part addresses graph-statistic shortcuts by adding further holes. In particular, this step equalises the distribution of hole counts between positive and negative example...
C6-P023	chapters/chapter06-glora-contribution.tex	153-159	Directedness addresses a later source of diagnostic ambiguity. Because edges point toward the target, the number of paths leading into $v_d$ is controlled by the number of addition...
C6-P024	chapters/chapter06-glora-contribution.tex	161-162	\section{Examples and the Role of Shortcuts} \label{sec:glora-shortcuts}
C6-P025	chapters/chapter06-glora-contribution.tex	164-166	Small GLoRa examples show why a generated long-range rule does not by itself establish path dependence. A clean source-to-target path makes the target positive, but the benchmark m...
C6-P026	chapters/chapter06-glora-contribution.tex	168-176	Consider a benchmark containing only the main chains described above. Its positive example has a source $v_0$, a target $v_d$, and a path $p=(v_0,\ldots,v_d)$ between them. The sou...
C6-P027	chapters/chapter06-glora-contribution.tex	178-184	The graph-statistic threat extends beyond hole counts. If the source is always the only node with no incoming edges, a model may detect the source by local degree rather than by a ...
C6-P028	chapters/chapter06-glora-contribution.tex	186-193	Appendix~D of the paper uses this lens to examine existing synthetic benchmarks \cite{zhou2025glora}. The criticism is not that those benchmarks are badly designed for every purpos...
C6-P029	chapters/chapter06-glora-contribution.tex	195-198	The shortcut analysis establishes what the generator must make necessary, but necessity alone is not enough. Alternative chains and holes in both classes require a fitting function...
C6-P030	chapters/chapter06-glora-contribution.tex	200-201	\section{Why Expressibility Matters} \label{sec:glora-expressibility}
C6-P031	chapters/chapter06-glora-contribution.tex	203-205	A second evaluation threat is that the target function may be inexpressible for the evaluated model class. GLoRa therefore treats expressibility as part of benchmark design. Under ...
C6-P032	chapters/chapter06-glora-contribution.tex	207-211	The paper states three intended properties that divide these evaluation responsibilities. Property (P1) says that all node-classification functions fitting sufficiently many genera...
C6-P033	chapters/chapter06-glora-contribution.tex	213-217	The expressibility claim relies on known results about the logical expressiveness of graph neural networks. The paper invokes results showing that GCNs can express the intended fun...
C6-P034	chapters/chapter06-glora-contribution.tex	219-226	The proof sketch in Appendix~C gives the intuition behind (P1). For a fixed $d$, the generator can produce only finitely many graph structures up to the sampled choices in the algo...
C6-P035	chapters/chapter06-glora-contribution.tex	228-230	This guarantee is stronger than stating that a long-range rule generated the labels because it quantifies over all fitting functions. With enough examples, fitting the benchmark fo...
C6-P036	chapters/chapter06-glora-contribution.tex	232-233	\section{Experimental Protocol} \label{sec:glora-protocol}
C6-P037	chapters/chapter06-glora-contribution.tex	235-237	The experiments use GLoRa to test many graph learning systems while varying the generator parameter $d$. At each value, the protocol keeps the label rule and class balance fixed, w...
C6-P038	chapters/chapter06-glora-contribution.tex	239-243	For each generator parameter $d \in \{3,\ldots,15\}$, the paper generates 5000 positive and 5000 negative examples. Each half is split into training, validation, and test sets with...
C6-P039	chapters/chapter06-glora-contribution.tex	245-250	The evaluated systems are grouped into four categories that cover ordinary message passing, proposed fixes for known pathologies, and broader interaction mechanisms. The first cate...
C6-P040	chapters/chapter06-glora-contribution.tex	252-259	The training protocol applies a common evaluation framework rather than tuning the benchmark to one architecture. Each system is run five times on each benchmark. Training lasts fo...
C6-P041	chapters/chapter06-glora-contribution.tex	261-266	Appendix~A also reports benchmark statistics for representative lengths. As the generator parameter $d$ increases, the generated graphs become larger and the average source-to-targ...
C6-P042	chapters/chapter06-glora-contribution.tex	268-269	\section{Main Findings} \label{sec:glora-main-findings}
C6-P043	chapters/chapter06-glora-contribution.tex	271-272	The main experiment asks whether the evaluated graph learning systems continue to solve the source-to-target path condition as GLoRa increases the dependency-length parameter. Acro...
C6-P044	chapters/chapter06-glora-contribution.tex	274-276	Many systems fail as $d$ grows, and most show a clear performance drop before $d$ reaches 9. Some systems perform better than others, but even the best systems perform poorly after...
C6-P045	chapters/chapter06-glora-contribution.tex	278-281	The best-performing systems use gated edges, especially GatedGCN and gated variants such as DenseGatedGCN and ResGatedGCN. Gating may help preserve or regulate information as it is...
C6-P046	chapters/chapter06-glora-contribution.tex	283-287	The transformer-based systems do not dominate the benchmark. Graph transformers change the interaction pattern more radically than ordinary message passing and can, in principle, a...
C6-P047	chapters/chapter06-glora-contribution.tex	289-292	The results also clarify what can be concluded about methods designed for over-smoothing and over-squashing. Such methods can improve deep GNN training and may improve performance ...
C6-P048	chapters/chapter06-glora-contribution.tex	294-297	The accuracy curve supports a length-specific interpretation rather than a single aggregate comparison. On a GLoRa benchmark with generator parameter $d$, high accuracy would be ev...
C6-P049	chapters/chapter06-glora-contribution.tex	299-300	\section{Diagnostic Findings} \label{sec:glora-diagnostics}
C6-P050	chapters/chapter06-glora-contribution.tex	302-305	The diagnostic experiments address the ambiguity of low accuracy by testing whether the observed GLoRa failures match the traces predicted by over-smoothing, over-squashing, and va...
C6-P051	chapters/chapter06-glora-contribution.tex	307-307	\subsection{Over-smoothing}
C6-P052	chapters/chapter06-glora-contribution.tex	309-316	If over-smoothing explained the failure, one would expect node representations to converge as the number of layers grows. The paper therefore compares the largest generator paramet...
C6-P053	chapters/chapter06-glora-contribution.tex	318-318	\subsection{Over-squashing}
C6-P054	chapters/chapter06-glora-contribution.tex	320-325	Over-squashing concerns the compression of information from many relevant nodes, directed paths, or message-passing walks into one fixed-size representation. In some graph families...
C6-P055	chapters/chapter06-glora-contribution.tex	327-330	This interpretation depends on directedness. In an undirected graph, message passing can use both edge directions, and even a simple path can induce many possible message-passing w...
C6-P056	chapters/chapter06-glora-contribution.tex	332-332	\subsection{Vanishing gradients}
C6-P057	chapters/chapter06-glora-contribution.tex	334-338	If the failure came from gradients disappearing in early layers, then the first-layer gradients should become very small as the model depth grows. The vanishing-gradient diagnostic...
C6-P058	chapters/chapter06-glora-contribution.tex	340-344	The evaluated systems use standard techniques that help gradient flow, including AdamW, weight initialisation, gradient clipping, ReLU activations, and batch normalisation. These t...
C6-P059	chapters/chapter06-glora-contribution.tex	346-347	\section{Thesis-Level Interpretation} \label{sec:glora-interpretation}
C6-P060	chapters/chapter06-glora-contribution.tex	349-350	GLoRa's thesis-level role is methodological rather than architectural. It provides a controlled path-aware test in which shortcut functions, fairness, and expressibility are addres...
C6-P061	chapters/chapter06-glora-contribution.tex	352-353	For each chosen generator parameter $d$, GLoRa creates examples that target a source-to-target path condition and are designed to rule out shortcut functions. The resulting accurac...
C6-P062	chapters/chapter06-glora-contribution.tex	355-357	Empirically, a broad set of state-of-the-art systems fails beyond modest lengths. Methodologically, this failure occurs on a dataset whose design ties successful fitting to a depen...
C6-P063	chapters/chapter06-glora-contribution.tex	359-362	If the diagnostics do not support over-smoothing, over-squashing, or vanishing gradients as explanations for the observed degradation, then the inspected GLoRa failures cannot be r...
C6-P064	chapters/chapter06-glora-contribution.tex	364-368	The broader implication is that evaluation and modelling are inseparable. If the benchmark allows shortcut functions, a high score can overstate progress. If the benchmark is inexp...
C7-P001	chapters/chapter07-discussion-conclusion.tex	1-2	\chapter{Discussion and Conclusion} \label{chap:discussion-conclusion}
C7-P002	chapters/chapter07-discussion-conclusion.tex	4-8	This thesis began from a simple difficulty: message-passing GNNs move information across graph distance through repeated local updates. When a target label depends on a source node...
C7-P003	chapters/chapter07-discussion-conclusion.tex	10-10	\section{Summary}
C7-P004	chapters/chapter07-discussion-conclusion.tex	12-15	The thesis establishes that long-range graph learning has separate modelling and evaluation requirements. At the modelling level, a graph learning system must keep source-node info...
C7-P005	chapters/chapter07-discussion-conclusion.tex	17-20	The evaluation analysis establishes the conditions under which a benchmark score supports a claim about long-range learning. Real-world datasets reflect practical domains, but thei...
C7-P006	chapters/chapter07-discussion-conclusion.tex	22-27	The GLoRa analysis establishes these controls for a chosen dependency-length parameter $d$. In the formal notation, an exact dependency is witnessed by a path $p=(v_0,\ldots,v_d)$ ...
C7-P007	chapters/chapter07-discussion-conclusion.tex	29-32	The expressibility analysis removes a separate ambiguity: control alone would not make GLoRa a useful test. The target function must also be expressible by the model family being e...
C7-P008	chapters/chapter07-discussion-conclusion.tex	34-39	Under this controlled test, the evaluated systems still struggle as dependency length grows. Performance declines across vanilla GNNs, systems designed to address over-smoothing, s...
C7-P009	chapters/chapter07-discussion-conclusion.tex	41-41	\section{Significance}
C7-P010	chapters/chapter07-discussion-conclusion.tex	43-48	Many graph benchmarks primarily rank systems by aggregate performance on a dataset. GLoRa provides a controlled way to evaluate the dependency lengths that a system can learn rathe...
C7-P011	chapters/chapter07-discussion-conclusion.tex	50-56	This practice also clarifies the role of synthetic data. Synthetic data provides limited evidence for deployment because it does not reproduce all properties of real graphs. For qu...
C7-P012	chapters/chapter07-discussion-conclusion.tex	58-61	The empirical result changes how architectural progress should be interpreted because the tested systems include models designed for long-range graph learning. Their poor performan...
C7-P013	chapters/chapter07-discussion-conclusion.tex	63-66	Long-range failures should be diagnosed by testing the traces predicted by each proposed explanation. Over-smoothing, over-squashing, and vanishing gradients remain useful concepts...
C7-P014	chapters/chapter07-discussion-conclusion.tex	68-68	\section{Limitations}
C7-P015	chapters/chapter07-discussion-conclusion.tex	70-76	The first limitation is synthetic control. GLoRa is synthetic by design, because the formal shortcut guarantee depends on controlling the data-generating process. That same control...
C7-P016	chapters/chapter07-discussion-conclusion.tex	78-83	The second limitation is the dependency family. GLoRa tests a source-to-target path whose non-source nodes must match a specified feature pattern. This is a natural family for mess...
C7-P017	chapters/chapter07-discussion-conclusion.tex	85-90	The third limitation is feature simplicity. The source is marked through one coordinate, normal path nodes through another coordinate, and holes break the path condition. This feat...
C7-P018	chapters/chapter07-discussion-conclusion.tex	92-97	The fourth limitation is empirical scope. The paper evaluates many systems, but no experiment can cover all architectures, training regimes, hyperparameter choices, or data scales....
C7-P019	chapters/chapter07-discussion-conclusion.tex	99-105	The fifth limitation is causal incompleteness. The diagnostic experiments do not support over-smoothing, over-squashing, or vanishing gradients as explanations in the tested settin...
C7-P020	chapters/chapter07-discussion-conclusion.tex	107-107	\section{Future Directions}
C7-P021	chapters/chapter07-discussion-conclusion.tex	109-112	The dependency-family limitation points to new benchmark generators. Future benchmarks should vary the type of certified long-range dependency while keeping GLoRa's evaluation disc...
C7-P022	chapters/chapter07-discussion-conclusion.tex	114-115	The feature-simplicity limitation calls for controlled tasks with richer inputs. These tasks could add richer node features, relation labels, temporal information, or multiple path...
C7-P023	chapters/chapter07-discussion-conclusion.tex	117-119	The synthetic-control limitation motivates a closer connection to real graph structures. One direction is to build semi-synthetic benchmarks by planting certified long-range depend...
C7-P024	chapters/chapter07-discussion-conclusion.tex	121-122	The empirical-scope limitation calls for evaluating more architectures, training regimes, hyperparameter choices, and data scales under the same controlled protocol. Such studies c...
C7-P025	chapters/chapter07-discussion-conclusion.tex	124-127	The causal-incompleteness limitation calls for stronger diagnostics. The next step is to test specific hypotheses about what information a model learns, transports, and loses. Usef...
C7-P026	chapters/chapter07-discussion-conclusion.tex	129-134	The empirical result also gives architectural work a clearer target. The relatively strong performance of gated-edge systems suggests that controlled message propagation may help p...
C7-P027	chapters/chapter07-discussion-conclusion.tex	136-136	\section{Concluding Remarks}
C7-P028	chapters/chapter07-discussion-conclusion.tex	138-140	The cumulative contribution of this thesis is a bounded standard of evidence, not a universal solution to long-range graph learning. For the tested path-aware dependency family, GL...
